OrderId,Outfit_type,order_item_1,order_item_2,order_item_3,order_item_4,order_item_5,order_item_6,order_item_7,order_item_8
1,1,yoins leather sexy v-neck sleeveless crop top__11,solid color long sleeve irregular blazer__236,alice+olivia floral pattern a-line skirt__9,zipped top chunky booties__261,gold boho turquoise leaf tassel earrings__64,etro heart locket necklace__62,1 flower mandala blue crystal clear phone case iphone case iphone plus case iphone cover iphone plus cover__1967,velvetines liquid matte lipstick__200
2,0,ag jeans super skinny jeans__237,pompom beanie__55,mock neck sweater__19,zip quilted pilot jacket__25,tie faux leather short boots__261,pcs makeup brushes set pcs beauty blush brush foundation brush contour brush__319,0,0
3,0,yoins plus size blue stripe shirt__11,yoins grey sleeveless faux fur coat__24,topshop moto dark indigo jamie jeans__237,yoins grey buckle design chunky heels short boots__261,wild side mini hair__58,bobbi brown peach__188,set__171,valentino small shoulder bag goop__37
4,1,boho brown pink print wood beaded halter summer dress__4,steve madden women's sandals__46,boho suede fringe crossbody__37,yoins boho tassel drop earrings__64,simons boho weave floppy hat__55,0,0,0
5,0,yoins beige double breasted 0 outerwear__24,classic skinny jeans__237,sonia rykiel metallic striped knitted top__11,yoins apricot leather-look tote bag__36,yoins brown lace-up design sole short boots__261,miu miu heart sunglasses__57,ted baker crystal bow leather bracelet__106,sophie miller sterling silver black white cubic zirconia bow stud earrings__64
6,1,brown scallop lace tunic dress__4,cardigan__18,chloe fringed plaid blanket coat__24,yeezy season leggings__241,aquazzura fringe tie boots__42,aquazzura fringe tie boots__42,stella mccartney coffee falabella fringed bucket bag__37,gold-tone faux-leather feather drop earrings__64
7,0,gucci garden exclusive t-shirt__21,fendi patch pocket mini skirt__8,miu miu patent leather ballerinas__47,women's fendi petite leather shopper genuine fox fur monster charm__36,michael michael kors shades pom pom key charm__318,sterling silver bracelet snake moss green__106,betsey johnson luminous betsey snake drop earrings multi earring__64,dolce vita lip kit__200
8,1,rosie washed silk top__11,waist__2,color match soft sole flat slip loafers__265,women crocodile leather chain strap messenger bag__258,0,0,0,0
9,1,betsey johnson 1 dress__4,women's lucky brand leather caged platform sandal__46,white statement earrings large flower__64,white statement earrings large flower__64,0,0,0,0
10,1,peacock chair__123,chocolate brown vintage__120,chocolate brown vintage__120,vintage rug x__136,boho boutique panel__314,amazon.com flowers willow green vase inches length x inches high artificial flowers__4438,book box set paris butterfly__4254,pre-owned vibrant tribal embroidery pillow__144
11,1,desk__146,inspired eiffel dining plastic modern office warm grey__4499,desk lamp gold target australia__4504,vintage rug cute tribal rug__136,fern succulent mix forest pot__4438,luxury linen blend embroidered decorative throw pillow shell insert__144,dot bo pen stand__4438,cat handmade kitten kitty white gray home decor desk gift wood__182
12,1,embroidered tunic dress__4,isabel marant ankle boots__261,cross body fringe bag__37,vintage gemstone filigree bracelet__106,h&m earrings__64,peach coral rose real touch flower hair clip__58,0,0
13,0,isabel marant Étoile knitted dress__4,lapel collar faux shearling peacoat__24,rivet zipper buckle boots__42,vintage circle ring loop tassels crossbody bag__37,0,0,0,0
14,0,cropped tank top peace american flag summer spring peace sign ladies w__104,cute crop tee__21,printed striped t-shirt__21,victoria's secret pink beach zip hoodie__4496,bralet__11,sailor shorts red__29,tall blue high waisted super skinny jeans__237,row moto leggings__241
15,1,victoria's secret perfume__95,topshop lip balm eos__211,forever faux suede bow barrette__58,velvet rose gold-plated crystal choker__62,moschino rucksack__259,gucci butterfly embroidered cotton t-shirt__21,choies light blue letter patch ripped pockets denim coat__24,jeans linda mid-rise boyfriend jeans__240
16,0,anya cole open knit sweater__19,wildfox bright cut tank top__104,mankind skinny coated jeans royal blue__237,vans silver metallic leather authentic trainers__49,jil sander boxy knitted leather shoulder bag__37,saint martin bangle set__106,aeropostale bow necklace__62,oliver peoples matte black glasses__4428
17,0,club l essentials lace cami top__11,cropped denim jacket__25,dr denim pocket skinny jeans__237,vans authentic slim skate shoes__49,leather crossbody bag__37,bar gold-tone black chain link bangle bracelet set__106,feather indie ring__65,topshop mixed shape stone ring pack__65
18,0,seconds summer 5sos pink blue stripes__21,tank seconds summer boxy tank luke michael inspired seconds summer__104,high-waisted jeans__27,vans authentic slim eiffel tower__49,converse ct hi green__49,dolce gabbana brocade crossbody bag__37,fringe boho bag__37,black cross acrylic earrings punk__64
19,0,doublju women's crew neck long sleeve t-shirt__11,north face women's hooded rain jacket__25,stella mccartney pale blue skinny long jeans__237,vans authentic lo pro white women's shoes__49,green canvas military messenger bag adjustable leather straps__258,bold white logo cell phone bold white logo specs__76,0,0
20,0,berry lace belted dress__5,vero moda sweat__4495,forever unique women’s super skinny cobalt blue jeans__237,valentino satin rockstud sling back pump__43,giuseppe zanotti design__49,accessorize across body bag__37,burberry heart charm bracelet__106,gold diamante flower stud earrings__64
21,1,valentino fringe poncho__23,chloé broderie camisole__247,cotton shorts__29,valentino leather striped canvas espadrille wedge sandals__46,sophia webster bucket shoulder bag__37,maria women's city skyline deco plexi cuff gold__106,chan bouquet diamond mother pearl stud earrings__64,pre-owned valentino oversize sunglasses__57
22,0,steve madden women's velvet lace-up sneakers__49,velvet scrunchie__58,fine gift set__340,turtleneck sweater__19,hooded faux suede embroidered coat__24,frayed floral embroidered boot cut jean__238,photo__76,0
23,0,madewell contour turtleneck vest__19,vivienne westwood red label asymmetric army jacket__25,michael antonio__261,tory burch robinson shoulder bags women shoulder bags__37,edited__237,0,0,0
24,0,topshop enamel crystal sweat__11,light blue denim jean jacket outerwear l unisex vintage 80s__25,topshop tall moto ripped bleach wash leigh jeans__237,topshop moto washed black ripped joni jeans__237,white heeled studded gladiator sandal__46,billabong billabong women's sandal__46,prada vintage quilted shoulder bag__37,maison martin margiela brass multi finger ring set__65
25,0,black tank top__104,heavy stitch short teen clothing wet__29,authentic__49,time low photo iphone 5/5s case hot topic__1967,0,0,0,0
26,0,marni fur jacket__25,steve madden women's stilettos sandals__46,studs earrings mint__64,teardrop gem earrings__64,distressed jeans__278,h&m lash__198,sugar paper metallic polka dot notebook__3336,0
27,0,crew neck cashmere jumper__19,alexander wang women's oversized vest__26,silver charm silk bracelet wrap__106,teal dial watch__61,vintage indie round circle cat eye sunglasses__57,faux fur pom-pom key ring__51,v sneaker__49,0
28,1,velvet cami dress__4,boho cardigan__18,chloé lace-up suede ankle boots__261,tassel pendant necklace__62,0,0,0,0
29,0,plus size mustard box top black tie__17,0 women solid pockets zipper a-line mini denim skirt__8,sandal__46,supply co. avenue continental wallet__40,illesteva hudson optical round-frame glasses__4428,women's eau de parfum travel__95,__217,oz.__96
30,0,mock neck embroidery suede sweatshirt__4495,luxe double zip hooded jacket__25,citizens humanity high rise rocket hem jean__27,suede tie short boots__261,cloth travel school backpack__259,__1967,polyvore__2,0
31,0,round neck vintage star stripe print short sleeve shirt men__275,layered palm bead braided bracelet__4523,lace-up spliced design moto pants__28,suede eyelet lace short boots__261,waterproof date faux leather quartz watch__61,menswear text__71,0,0
32,1,nylon camel__11,topshop moto bleach rip jamie jeans__237,long sleeve cut ethnic print blouse__17,stylish shirt collar tassels spliced denim jacket women__24,tassels tote bag__36,gorgeous faux leather stones bracelet women__106,0,0
33,1,chloé printed silk blouse__17,theory sand long fur gilet__26,pre-owned chanel shorts__29,steve madden taupe suede boot__264,chloé drew shoulder bag__37,purse totes clutches kate spade new york__38,chloé bracelet__106,0
34,0,h&m tunic__15,one teaspoon denim shorts frost__29,converse fancy canvas trainers__49,soft matte lip cream__200,0,0,0,0
35,1,burberry tassel leather boots__42,lanvin medium leather tote__36,women's brush__229,smythson panama runway notes textured-leather notebook__3336,pen__316,jacket__25,__2,one__95
36,1,retro print silky dress__4,camel long fringed suede vest__26,alexander wang bite high rise frayed shorts__29,silver blue suede leather sandals__46,jewelry__60,0,0,0
37,0,shein sheinside pale pink ruffle trim drop shoulder ribbed dress__2,brown braided strap detail fold boots__261,shein sheinside brown braided strap detail fold boots__42,shein sheinside zipper closure woolen crossbody bag khaki__37,bvlgari rose perfume oz.__95,0,0,0
38,1,brown buttons split side dip hem tank top__104,shein sheinside grey ripped fringe denim shorts__29,apricot snake embossed point toe pumps__43,shein sheinside gold crocodile embossed chain saddle bag__37,black long beads necklace__62,shein sheinside golden cutout frame cat eye sunglasses__57,nyx nyx dream catcher shadow palette__196,satin lipstick__200
39,1,multicolor tropical print lace trim ruffle hem dress__3,multicolor tropical print lace trim ruffle hem dress__3,shein sheinside faux suede caged studded sandals camel__46,shein sheinside faux suede caged studded sandals camel__46,brown faux leather saddle bag__37,set two gold cuffs__106,0,0
40,0,shein sheinside white round neck striped lace loose t-shirt__21,le3no womens basic versatile stretchy flared skater skirt__9,red point toe high heeled shoes__43,shein sheinside black sequined shoulder bag__37,0,0,0,0
41,0,winter sale sale vintage autumn mink fur cropped coat jacket extra__25,shein sheinside yellow long sleeve paris print sweater dress__2,skinny jeans__237,sergio rossi pumps__43,michael michael kors large hamilton striped canvas tote__36,love ca necklace__62,gold chunky chain belt__52,plants buy plants online__4438
42,1,h&m__5,h&m ankle boots__261,accessorize lux statement collar necklace__62,sephora collection gift card__321,urban decay__196,fall mini lip gloss set anastasia beverly hills__201,jessica simpson fancy love eau de parfum spray oz.__95,0
43,1,coach western blouse rocket embellishment__17,fendi velvet skirt__9,court__43,scallop crossbody clutch__38,belt__52,0,0,0
44,1,calvin klein look bustier__11,burberry cropped leather biker jacket__25,givenchy fitted skirt__7,sandal__46,row fringed leather clutch__38,givenchy gold tone shark bracelet__106,lanvin leather chain belt__52,books fashion charlotte__311
45,0,topshop contrast tee__21,saint laurent distressed jeans__237,keds__49,saint laurent bucket bag__37,neon sweet bracelet stack__106,accessorize yang stud earrings__64,linda farrow yellow gold__4426,hot colors eye shadow creamy pigment shimmer powder mineral waterproof latest trends fashion clothing women online__196
46,1,rustic cocktail table__118,coffee table__118,series outdoor swing chair__150,rustic bailey anne clock__4240,wooden candle holder__140,christmas tree warm white lights__4244,super soft ivory faux fur throw x inches__162,0
47,1,pre-owned dolce gabbana suede pointed-toe booties__261,see chloé small suede cross-body bucket bag__37,bracelet rustic boho bracelet ceramic 1 bracelet multi strand gypsy bracelet__106,red 1 earrings micro charms red glass bead earrings gypsy earrings copper__64,lime crime metallic velvetine liquid lipstick__200,false eyelashes__198,bobbi brown nail polish wine__222,0
48,0,women's tunic top size__15,pre-owned isabel marant high-waisted wide leg trousers__28,kate spade new york frame leather clutch__38,rainbow muse fashion crystal tribal wrap leather bracelet__106,instagram hair extensions professional hair styling tools hair__227,light pink lipstick__200,pearl nail art ideas make season elegant__223,0
49,1,hooded fluffy fleece coat knit sleeve__24,asymmetric ripped jeans__27,tie splicing rivets ankle boots__261,pu leather rivet black crossbody bag__37,0,0,0,0
50,0,love moschino cartoon print t-shirt__21,moschino quilted shorts__29,moschino boots logo strap combat__261,pre-owned moschino quilted mini leather backpack__259,wide leather cluster charm cuff bracelet__106,crystal hoop earrings gold__64,michael kors golden chain necklace__62,vince camuto gold-tone textured chain stack set__65
51,1,chloé silk-chiffon maxi dress__4,embellished leather sandals__46,alexander mcqueen leather satchel__318,pre-owned christian dior real sunglasses__57,cult flower crown ivory__58,i'm__77,0,0
52,1,chicwish ivory cable knit sweater tiered flare sleeves__19,mix boyfriend jeans__240,alexander mcqueen embellished leather ankle boots__261,pre-owned chanel rock chain flap bag__318,gap women diamond cable knit beanie__55,smythson panama runway notes textured-leather notebook__3336,pen__316,0
53,0,rails hunter shirt midnight white__11,leather biker jacket__25,citizens humanity high rise rocket hem jean__27,pre-owned ankle boots__261,mansur gavriel mini suede bucket bag black__37,tom ford cole sunglasses__57,0,0
54,0,silk touch long sleeve blouse colours__17,iro lambskin leather biker jacket__25,frame denim distressed skinny jeans__237,pre-owned ankle boots suede__261,alexander wang envelope mini sling bag__318,vita capri black leather wrap bracelet__106,women's apple watch__61,bracelet brass leaf black gold little woman paris__106
55,1,bell sleeve floral print dress__4,embroidered back denim jacket__25,ethnic print high neck cross bikini set__1605,platform denim lace-up sandals__46,water drop earrings__64,0,0,0
56,0,gap women embroidered statement sweater__19,violeta mango slim-fit jeans__27,pre-owned oscar de la renta patent leather pointed-toe flats__47,oscar de la renta genuine calf hair slim shoulder bag__37,aeropostale heart star ring__60,reversible belt bay__52,liquid lipstick__200,women's brush__319
57,0,current/elliott boyfriend distressed rolled shorts__29,womens adidas superstar athletic shoe__41,burberry shoes accessories satin backpack__259,original classic metal military aviator sunglasses__57,online x__57,iphone case iphone plus case iphone cover iphone plus cover__1967,headphones__1967,beauty lip__187
58,0,fluffy v-neck loose mohair knit sweater__19,river island black chelsea girl velvet glitter leggings__241,black poppy distressed lace boots__264,nly accessories pocket backpack__259,knitted beanie hat__55,london scarf__105,0,0
59,0,official runway web store__4,shein sheinside khaki long sleeve pockets loose cardigan sweater__18,asos woven sandals__46,nine west crossbody bag__37,gold angel wings necklace__62,wildfox optical glasses__4428,isabel marant leather chain link belt__52,snap hair clip set__58
60,1,checked off-shoulder blouse__17,thick heel wrap sandals__46,rebecca minkoff chain heart crossbody lilac rose cross body handbags__37,new york leather travel kit__339,natural rose hydrating face mist__74,henri bendel monogram compact mirror__99,smart set__316,__2
61,1,purple high heel platform court shoes__43,alexander mcqueen punk skull clutch__38,pink wrap bracelet boho chic rustic ribbon black hot pink suede leather triple wrap__106,necklace__62,ruby round solitaire stud earrings__64,red carpet__3,0,0
62,0,lanvin leather espadrille wedge sandal__46,michael kors hamilton leather tote__36,dolce&gabbana garden sunglasses__57,nars duo eyeshadow__196,nars audacious lipstick__200,bvlgari garnet eau de toilette__95,edited spring__6,0
63,0,monki linda singlet__104,jeans__237,vans authentic black__49,nars audacious lipstick__200,stila stay day waterproof mascara__197,nars back room nail polish back room__222,home__58,iphone lana iphone case hot__1967
64,0,pink collar button front blouse__17,pink collar button front blouse__17,womens adidas superstar athletic shoe__41,nails inc spring summer mini gel effect collection__222,0,0,0,0
65,0,face lipgloss__201,beauty queen iphone plus clear case__1967,bling jewelry bling jewelry sterling silver bead stretch bracelet stackable inch__106,multi pastel gradient logo backpack__259,white eye print roll cuff t-shirt__21,shine blue jeans__310,vans women's skate shoes__49,mini artificial succulent__4438
66,0,wide tee__21,shorts__29,comme des play canvas high-top sneakers__49,moschino peace iphone case black__1967,ombre brown blonde hair extensions clip hair ombre long hair extensions blonde ombre dip dyed hair__227,__186,lip gloss__201,0
67,0,print loose vest frayed__26,jewel print pleated line skirt__9,espadrilles chanel__41,mini leather bag__318,neon thread statement necklace__62,0,0,0
68,0,charlotte russe strappy bralette__11,topshop moto ripped hayden boyfriend jeans__240,puma velvet puma black women's shoes__41,michael michael kors rhea medium perforated zip backpack__259,dsquared2 ring__65,gold black watch small__61,drew necklace__62,furla bubble keyring fur pom pom__51
69,1,rag bone boyfriend destroyed jean__240,caged gladiator cut-out wedge sandals tan__46,boho bag__318,michael kors women's gold-tone logo stainless steel watch__61,0,0,0,0
70,0,forever new lace cropped bustier__11,zimmermann light blue brocade skirt__8,steve madden women's two-piece sandals__46,michael kors selma tote__36,gold-tone stud earrings__64,rose crown headband__58,0,0
71,1,color block floral print 3/4 sleeve dress__4,solid color lace-up high top sandals__46,solid color lace-up high top sandals__46,michael kors medium crossbody bag__37,vintage alloy triangle pendant necklace__62,cut-out ring set__65,0,0
72,0,shein sheinside grey shoulder lace loose sweatshirt__4495,shein sheinside beige long sleeve 0 loose pockets coat__24,shein sheinside black ripped slim denim pant__237,michael antonio women's grey micro__41,grey buckle pu shoulder bag__37,bella necklace__62,0,0
73,1,tory burch woven cotton beach poncho__2,zimmermann henna crochet bra bikini__1605,boho babe tan thong sandals__46,marni brass gold tone circle pendant collar__62,orange woven straw floppy summer hat__55,gypsy water eau de parfum 50ml__95,0,0
74,0,t-shirt__21,h&m skinny high ankle jeans__237,adidas originals gazelle mid grey flat suede sneakers__49,mansur gavriel mini bucket bag__37,women's michael kors women's parker__61,vetements cap__55,burberry check sunglasses__57,0
75,1,valentino printed silk__4,black boots__42,chloe drew calfskin leather shoulder bag__37,maison michel punk cherry rabbit felt fedora__55,0,0,0,0
76,1,maison silk wool scarf__105,plus size heart rhinestone elastic fashion belt brown__52,boho rings set__65,maison margiela silver cut-out ring set__65,diamond square pendant necklace 10k rose gold ct. t.w.__62,h&m rings__65,proenza schouler cropped jumper__21,r13 low-rise skinny jeans__237
77,0,one shoulder pumpkin print halloween sweatshirt__4495,boohoo halloween skeleton front leggings boohoo__241,vans women's authentic lo pro black black m us men m us women shoes__49,lux accessories skeleton hand goth halloween drop earrings jewelry__64,asos halloween i'm iphone 6s case__1967,halloween decoration__4244,best eye makeup looks brown eyes__186,free black nail polish vegan__222
78,1,boohoo printed crop tee__21,derek lam crosby maxi skirt__10,crochet strap flip flops__48,lucky brand winter turquoise pave stack ring__65,juicy couture boho luxe multi feather hoop earring__64,bee charming jewelry fire double necklace__62,chan luu mix bead bracelet henna leather gold leaf__106,ears ring__65
79,1,faced beach bunny bronzer__195,summer beach bowknot straw sun hat__55,miss selfridge petite coral cami top__104,london coral striped midi skirt__9,women's steve madden strappy sandal__46,air plant__4438,sea collection set__182,le crème lipstick__200
80,0,choies green floral print cut back ruffle trim cami dress__5,michael michael kors women's mid wedge sandals__46,michael michael kors women's mid wedge sandals__46,loewe embossed leather clutch__38,swimsuit__55,0,0,0
81,1,mango layered cotton-blend top__11,maxi skirt__10,loeffler randall sandals__46,loeffler randall sandals__46,mark cross__36,delicate daisy flower choker chain necklace yellow white boho 80s 90s__62,rock n rose blossom floral crown headband__58,bobbi brown women's beach nudes bronzing powder__195
82,0,plus size pullover fleece hoodie pockets__4496,plus size hooded drawstring long parka coat__24,loeffler randall tassel splatter paint leather sneakers__49,loeffler randall dome splatter paint leather crossbody bag__37,travel double nose oval mirrored sunglasses__57,mac bright frost powder blush small__93,urban decay lip pencil__202,0
83,0,red hearts flex bracelet__106,london lace sleeveless dress__5,rupert sanderson high heel sandals__46,lime crime makeup__93,curl__227,0,0,0
84,0,top__17,shorts boutique__29,vans authentic lo pro shoe__49,light pink stud earrings pale pink rose post earrings__64,love wrap watch__61,dip dyed square scarf__105,topshop rose print iphone shell__1967,aeo flower crown headband__58
85,0,sexy letter printed neck pullover sweatshirt women__4495,sweatshirt shorts__29,prada espadrilles__46,letter pattern canvas zippers backpack__259,0 letters hip sunscreen outdoor baseball hat__55,pu leather moon baby quartz watch__102,elle__186,0
86,0,h&m woven top__104,citizens humanity chloe high waisted short__29,balenciaga le m black__318,lengthening mascara__197,greek lip__74,flower petal mirror__143,lighting decor vintage green clock__4240,succulent arrangement__4438
87,1,rock__11,valentino tribal maxi skirt__10,sole society lace-up pointed flat__47,leigh turquoise coral earrings__64,aspinal london iphone case__1967,pre-owned row x linda farrow tortoiseshell sunglasses__57,mascara__197,tory burch robinson small leather cosmetic case__231
88,1,flared maxi dress__4,giuseppe zanotti suede__267,crochet tote__36,leaf western boho leather cuff bracelet hippie unisex__106,hippie jewelry__60,0,0,0
89,0,sofa leather__115,coffee table__118,cambridge wall mirror large__143,large vase__139,__316,barrel love heart__182,scallop cushion blue__144,0
90,1,blouse__11,side stripe pants__28,preowned de collection black multi flower necklace__62,lanvin flower brooch__67,gold-tone pearl necklace__62,pre-owned 14k yellow gold amethyst pearl cocktail ring__65,jewellery necklace__62,kate marie maya rib beanie headband__58
91,0,message cotton sweatshirt__4495,lilly jacket hunter embroidery grey__25,river island black molly jeggings__241,lace-up black round toe short boots__261,kate spade backpack__259,0,0,0
92,1,scoop neck tiny floral printed 3/4 sleeves dress__4,scoop collar tiny floral printed 3/4 sleeve dress__4,scoop neck tiny floral printed 3/4 sleeves dress__4,lace sequins flat shoes__47,diane von furstenberg voyage boho suede fringe clutch__38,alloy chunky tassels statement necklace__62,boho style beach blanket__162,0
93,1,cameo rose lace trim zip back crop top__11,lapel loose blazer__236,oasis bailey faux leather skater skirt black__9,knee-high suede boots__263,marni fringe leather zip crossbody bag__37,chunky chain flower necklace__62,burberry gold-tone chronograph bracelet watch 38mm__61,floppy brim fedora__55
94,0,chicwish glam cami top red__104,abercrombie fitch boyfriend slouch jeans__240,acne studios wool sweater dress__2,kenzo women 40mm eyes metallic faux leather sneakers__49,proenza schouler large metallic bag clutch__38,happy sport stainless steel diamond bezel white dial quartz watch__61,edge silver studs__64,sofia cashmere cable-knit cashmere beanie hat__55
95,0,american vintage military t-shirt dress__4,beige dog print bomber jacket__25,marc marc jacobs slip-on leather sneakers__49,kenzo mini calfskin leather tote bag__36,michael michael kors phone cover white cell phone case__1967,design sunglasses black/gold frames lenses margot__57,0,0
96,1,broderie dress__3,free people amber__267,barbara small caviar bag__318,kenneth jay lane wooden bangles__106,forever boho floppy hat__55,0,0,0
97,0,lanvin light pink wool coat__24,chino__28,high heel pointed pumps__43,kenneth cole mini crossbody__37,elegant chic gold foil hand floral pattern girly trend apple watch band__61,transparent iphone case iphone plus case iphone cover iphone plus cover__1967,0,0
98,0,white short sleeve camera print loose t-shirt__21,rose red long sleeve knit loose sweater__19,blue bleached ripped pockets denim pant__28,keds champion sparkle__49,canvas tote__36,throw makeup__93,0,0
99,0,chicwish cable knit sweater dress wine__19,frye phillip ring tall__263,michael kors jules drawstring bucket bag__37,karl lagerfeld women's karl gold-tone stainless steel charm bracelet watch__106,sole society mini stone ring set__65,burberry check scarf__105,easy prom makeup ideas brown eyes__186,0
100,1,silk-satin midi dress__5,off-white off-white metallic bomber jacket silver__25,valentino faux patent-leather ankle boots__261,karl lagerfeld leather shoulder bag__37,sophie silver ring__65,sophie snake silver onyx ring__65,0,0
101,1,h&m top__104,one teaspoon shorts__29,fringe flats sandals women thong shoes suede tassels around ankle strap__46,judith leiber couture tall rectangle evening clutch bag__38,red handmade bracelet__106,steve madden women's aviator sunglasses__57,0,0
102,1,light khaki layered cami dress__4,la luxury designer fashion women's designer shoes bags accessories__69,__41,jewelry gold__60,diamond bar chain bracelet collection__106,mango metallic ring set__65,miss selfridge moon flower choker pack__62,diamond pavé demi flower ring__65
103,1,flower detail fringed cami top white__104,vince camuto lace tall gladiator sandal__46,fringe solid color design women's crossbody bag__37,ivory fringe ivory crochet bracelet__106,forever midi ring set__65,star posh liquid lipstick u__200,king kylie instagram photos__2,__108
104,0,black white stripes iphone 4/4s rubber case white iphone 4/4s rubber case snapmade.com__1967,victoria beckham supra round sunglasses__57,hot topic twenty one logo stud earrings__64,hot topic twenty one necklace__62,short t-shirt__21,boyfriend ripped mid-rise jean__240,converse black chuck taylor star low trainers__49,0
105,1,coffee table__118,pierced metal pendant__4503,zara home fringed throw__162,home wood__179,zara home effect__4435,black throw pillow__144,zara home vase__139,__140
106,1,proenza schouler lace-up leather military boots__42,designer handbags leather satchel bag__37,choker floral embroidered sheer blouse tank top__11,high waisted flare jeans__4452,artificial leather velvet circle choker necklace__62,0,0,0
107,0,graphic christmas textured sweater__19,quilted zip hooded reversible jacket__25,ripped cropped jeans__27,high top heart embroidery sneakers__49,burberry black nylon backpack__259,travel__3336,0,0
108,1,dr. martens boot canvas women's lace-up boots__42,crossbody bag__37,pink daisy necklace pink flower necklace pink pink flower necklace pink daisy jewelry daisy gift__62,headphones iphone plus piece nylon braided cable rose golden__1967,city x mod oversize round sunglasses__57,estee lauder pink ribbon compact__93,__200,best face facial deep soft radiant oz jar three__208
109,0,red long sleeve hollow loose sweater__19,shein sheinside navy hooded drawstring two pieces denim outerwear__24,vogue woman knee high__69,h&m skirt__8,steve madden cognac multi crocheted lace-up ankle boots__261,pale blue duo necklace__62,hipster iphone case . iphone 4s cover quote . beach . typography . . gift . run away__1967,grey cashmere slouch beanie__55
110,0,h&m cardigan__18,basic strappy crop top__11,frame denim skinny jeans__237,h&m court shoes__43,0,0,0,0
111,1,khaki high neck cropped cable knit sweater__19,pre-owned guess brown leather jacket__25,corduroy button front a-line skirt__8,guess footwear women's dark brown suede__41,guess floral-print clutch__38,x tan rug__136,vintage heart__182,0
112,1,marni asymmetric floral-print crepe de chine mini dress__4,pink tartan mohair oversized cardigan__18,pre-owned dsquared2 suede peep-toe luxury designer booties size us blue__261,gucci love embossed card case__40,clinique sweet pots sugar lip balm__211,0,0,0
113,1,victoria beckham wool-blend turtleneck sweater__19,gucci lamb fur coat embroidery__24,moschino cheap chic cotton shorts__29,gucci fringed pumps__43,dolce gabbana polka-dot clutch__38,large heart pendant necklace valentine day jewelry pink__62,pre-owned chanel black silvertone cc clip earrings__64,elegant grid iphone case iphone plus case iphone cover iphone plus cover__1967
114,0,monki linda singlet__104,ripped knee skinny jeans black__237,nike small duffel multi snake duffel bags__39,green day american rubber bracelet hot topic__106,chelsea doll__64,house harlow temple necklace__62,ray-ban classic wayfarer sunglasses__57,forever new power phone case__1967
115,0,pierre balmain tiered silk-blend top__11,frame denim skinny jeans__237,qupid lace-up booties__261,gold metallic mini backpack rose gold__259,beats dr. dre beats studio wireless headphones gold__1967,new black baseball cap__55,fendi yellow gold cat-eye metal sunglasses__57,iphone iridescent glitter case accessories sand__1967
116,0,zara crop top__11,new ladies skull long sleeve womens knitted boyfriend crew neck jumper top__19,preowned moschino vintage black leather high waisted shorts__29,gianvito rossi rolling over-the-knee boots__264,ugg crossbody__37,bracelet gothic__106,christmas jack reversible beanie__55,clinique foundation oz.__184
117,1,miss selfridge printed maxi dress__4,modcloth festival key sandal__46,lucky brand tote__36,geo bangle set__106,coast lotus earrings__64,crochet band floppy hat__55,linda farrow luxe gold aviator sunglasses__57,m·a·c lipstick collection__200
118,0,black asymmetrical batwing asymmetric tunic__15,gianvito rossi women 100mm plexi patent leather pumps__43,gianvito rossi women 100mm plexi patent leather pumps__43,furla candy pink mini bag__37,silver butterfly engagement rings set__65,heart heart diamond wedding band__65,fendi women's cat-eye sunglasses__57,hourglass extreme high shine lip gloss__201
119,1,warehouse warehouse ribbed cocoon size__18,fringed striped cotton-blend top__104,topshop square pocket a-line skirt__7,forever21 faux leather sandals__46,blair medium crossbody crossbody bags__37,high gloss lip color__201,0,0
120,0,white silk blouse pocket__17,spring trench coat__24,beige floral print pleated skater skirt__9,forever new kelly minimal heels__46,michael kors small crossbody bag white white shoulder bags__37,rhinestone silver beads bracelet__106,oval cut halo diamond band engagement ring platinum ctw__65,0
121,1,royal blue front zip padded floral lace crop bralet top__11,topshop black jersey pleat maxi skirt__10,flat sandal__46,forever everyday faux leather tote__36,aerin erickson statement bib necklace black/gold__62,hippie floppy hat__55,0,0
122,1,neck floral lace romper__244,flock zipper chunky heel thing high boots__42,metallic solid color floral embossed shoulder bag__37,flower ring__65,luxe fair la baume__93,marc jacobs daisy shine pink eau de toilette 100ml__95,0,0
123,0,monki tee__21,high waisted denim shorts light wash rolled hem__29,women's booties__261,floppy fedora__55,céline new audrey sunglasses__57,david yurman stone small reversible cross black onyx__4524,0,0
124,1,floral embroidery lace splicing long sleeve dress__4,black crop sleeveless tank top__11,pre-owned mankind skinny__237,flock chunky heel sandals__46,black soft faux leather tie bucket bag__37,rectangle necklace earrings__64,bareminerals blush__194,pinterest__949
125,0,0 mini shift dress__4,platform tie short boots__261,trendy twisted wire embellished women pu tote bag__36,faux crystal beads necklace__62,0,0,0,0
126,1,stella mccartney faux fur gilet__26,gianvito rossi suede over-the-knee boots__264,polo ralph lauren suede mini crossbody bag__37,faded__4242,0,0,0,0
127,1,le grey boho powder urban ankle boots__261,michael kors golden etched heart bracelet__106,marc jacobs heart stud earrings__64,eugenia kim honey black boho hat leather trim__55,floral embroidered loose dress__4,multi pocket ripped denim coat__24,crocodile embossed metal leather tote bag__36,0
128,1,river island black halter neck crop top__11,chloé drawstring maxi skirt__10,billabong women's double__46,eugenia kim floral crown__58,wildfox lolita deluxe sunglasses__57,0,0,0
129,1,shein sheinside khaki hollow loose crop blouse__17,khaki modern ladies plain fringe suede rivet vest__26,calypso st. barth hand embellished linen short__29,etro beaded suede sandals__46,american west tote hair handbags__36,__4438,0,0
130,1,preowned michael kors collection brick red tan 1990s 90s ribbed crop top__104,maxi split skirt red long skirt hippie clothing boho goddess skirt festival clothing elegant gypsy skirt 1__10,suede skirt__9,espadrille lace espadrilles red summer leather fabric boho women's greek gift__46,boho crossbody red cross body handbags__37,etro bead embellished earrings__64,0,0
131,1,pier imports artificial tree__4438,__140,__182,edited beverly__949,0,0,0,0
132,0,metallic gold print i'm womens graphic tshirt womens tee graphic tee__21,barbara bui coat__24,pre-owned camel ankle jeans__27,dr. martens leather lace-up shoes__41,mulberry small messenger bag__258,women's muse red round plastic plastic rx eyeglasses__4428,tarte wing deluxe eyeliner set__199,brush new__4445
133,0,piece set long sleeve velvet dress__5,plus size black high waisted jean shorts__29,classic sheer__251,dr martens eye womens boots__42,steve madden satchel__318,basic black tattoo stretch choker hot topic__62,feather iphone case__1967,mac lipstick matte__200
134,1,barrel square coffee table__118,floor lamp__4505,antique indigo floor pillow__144,dot bo gentle lotus__140,dot bo cactus cup planter__4438,room spray__4248,solid brass vintage holder__182,0
135,0,blouse__17,proenza schouler ultra skinny jean black__237,pointed flat__47,dolce gabbana sicily striped shopper tote__36,jimmy choo neon patent leather hip belt__52,0,0,0
136,1,retro steampunk inspired thick metal round sunglasses__57,retro steampunk round side cover sunglasses__57,retro modern steampunk dual frame round sunglasses__57,dolce gabbana round metal frame sunglasses__57,oversize vintage inspired metal round circle sunglasses__57,linda farrow round-frame mirrored sunglasses__57,0,0
137,0,marc jacobs wool-blend sweater__19,asymmetric ribbed jersey cashmere silk-blend midi skirt__9,oscar pumps__43,dolce gabbana continental wallet__40,mac powder blush__194,0,0,0
138,1,studio side table__118,vintage rug x__136,missoni home throw__162,distressed white chair__152,giant antique copper pot iron handle__4267,japanese garden__4267,japanese garden__4267,vintage hammered copper hanging planter__4267
139,1,asos longline t-shirt faux suede front sleeves__275,kenneth cole slim pants sterling men's 0 pants__4458,paul smith leather sneaker__297,diesel bracelet jewelry__4523,men's co. leather wrap bracelet__4523,brown leather wrap bracelet__4523,lily boutique black crystal necklace__62,0
140,1,chicwish boho stripes ruffled dress white__4,boho summer dress white boho chic hippie beach dress festival gypsy boho__2,cynthia tall gladiator sandals__46,diane von furstenberg disco suede fringe leather bucket bag tan__37,boho glow ring set__65,free people headband__58,turquoise ring__65,1 garden party regular__77
141,1,deborah lippmann nail polish candy shop__222,deborah lippmann glitter nail polish__222,deborah lippmann women's take nail polish__222,deborah lippmann nail color yellow brick road ea__222,essie nail color tiny fl oz g__222,essie nail color go chic oz ml__222,essie nail color loose oz ml__222,stainless steel mini nail__339
142,0,golden goose deluxe brand superstar distressed metallic leather suede sneakers__49,mcm logo printed small backpack__259,nars shine primer__193,cutout shoulder text print sweatshirt__4495,embroidered camo utility coat hooded__24,elastic waist velvet pants__28,stylish metal frame flat lens bright color pilot sunglasses women__57,0
143,1,blackfive asymmetric v-neck loose cardigan__18,blackfive 3/4 sleeves asymmetric hem loose pullover t-shirt__21,faded denim pants__28,cutout block-heel lace-up martin boots__42,tassels embellished suede shoulder bag__37,gold-plated chain bracelet__106,0,0
144,0,chicwish tiered crochet tank top__104,linea weekend midnight tassel maxi skirt__10,forever leather sandals__46,crochet crossbody__37,women's accessories style moi__62,0,0,0
145,1,rag bone top__11,alice olivia floral-print pants alice olivia__28,lola flat sandal champagne leather__46,crescent pendant necklace__62,rag bone floppy brim fedora__55,hermes suede clutch__38,0,0
146,0,pull bear print sweatshirt__4495,boohoo laura distressed ripped knee skinny jeans__237,forever fox ankle socks__69,converse white chuck taylor star hi top trainers__49,vince camuto cross body__37,bay multi strand bracelet set__106,small split dome stud earrings__64,edgy bow hair clip__58
147,0,boohoo baseball brooklyn boxy crop boohoo__11,le3no womens cropped long sleeve zip moto military jacket__25,frame denim le cut white denim shorts__29,converse star sneakers__49,stylish elegant candy color pu leather backpack__259,0,0,0
148,1,hippie love flower crown festival wedding hair wreath boho floral headband__58,allurez pear shaped diamond ring band 14k rose gold__65,floral dress__4,converse star ox__49,0,0,0,0
149,0,urban classics cord checked shirt__11,basic strappy crop top__11,miss selfridge lizzie shredded jeans black__237,converse star hi top boots mono black__41,wavy shape pendant necklace women__62,sheet music rubber bracelet hot topic__106,bracelet bracelet accessories__106,amazon.com heather slouchy beanie skull cap hat black clothing__55
150,0,chicnova fashion irregular short denim blouse__17,womens basic long sleeve solid t-shirt__11,armani jeans super stretch vintage medium dark wash jeans__27,converse chuck taylor unisex double zip high top sneaker__49,amethyst crystal__106,nautical long necklace anchor navy white rose gold__62,0,0
151,1,knit spliced embroidery long sleeve blouse__17,tassels solid color straight leg jeans__310,tassel lace-up chunky heel sandals__46,collection 14k gold diamond arrow midi ring__65,0,0,0,0
152,1,sexy women sleeveless o neck hollow tassels knitted tank tops__104,current/elliott fling distressed low-rise boyfriend jeans__240,charlotte russe braided strap thong sandals__46,circle straw bag__318,0,0,0,0
153,1,ralph lauren denim supply boho off-the-shoulder blouse__17,frayed high-rise flared jeans__4452,chloé harper lace-up suede ankle boots__261,christian louboutin small leather cross-body bag__37,isabel marant beaded tassel earrings__64,0,0,0
154,0,uniqlo linen tank top__104,warehouse double buckle faux leather biker jacket__25,marc marc jacobs skinny jeans__237,chloé suede wedge sneakers__49,oasis satchel bag__35,nearly natural mixed mini daisy silk plant__4438,0,0
155,1,faux suede embroidered blouse__17,flower pattern embroidery sequins ankle boots__261,flower pattern embroidery sequins ankle boots__261,chloé faye medium suede flap leather shoulder bag__37,teardrop openwork rhinestone choker__62,distressed jeans__278,lipstick__200,0
156,0,pink drop shoulder cut crop t-shirt__21,women's topshop boutique boyfriend jeans__240,womens vans womens old skool suede womens shoe pink cotton__49,charlotte russe embellished caged rings pack__65,valentino rockstud leather camera bag__1967,jasmine basic adjustable baseball cap__55,kenzo metallic pink iphone 6s case__1967,le specs punk sunglasses__57
157,1,free people wild one gown__6,plein fuchsia leather pump__43,dannijo__106,charles pink natural adjustable ring__65,eugenia kim wool felt hat chain black__55,colour lipstick__200,christian louboutin nail colour__222,0
158,1,dakota suedette lace-up bodysuit__315,barth lulu shorts blue__29,light blue leather stiletto heel pointy pumps__43,chanel cuba black silver tone faux pearl palm tree pin__67,__38,0,0,0
159,1,charlotte tilbury girl look__200,gold triangle chain headband__58,wood butterfly iphone case iphone case iphone plus case iphone cover iphone plus cover__1967,chan luu beaded wrap bracelet__106,beige boho bag__318,shein sheinside apricot half sleeve floral tassel cape top__18,h&m super skinny super low jeans__237,leather sandals__46
160,1,cosmetics lipstick__200,brown studded fedora__55,long sleeve turtleneck crop top__11,cashmere silk blend tights__251,sans souci vegan suede button front a-line skirt__9,rag bone boot__261,0,0
161,0,miss selfridge premium embroidered bell sleeve blouse__17,shine blue jeans__310,lace flat__47,camel triangle patch flap bag__318,0,0,0,0
162,0,merino wool shift dress__4,skin co tweed maxi coat__24,embellished black pearl brogues__266,burgundy leather tote__36,0,0,0,0
163,1,denim supply ralph lauren antique cream cotton__4454,dr. denim snap white clean slim fit jeans__278,men's fashion sneaker__297,burberry burberry london edt spray__335,oversize vintage inspired metal round circle sunglasses__57,1 boho silver hoop charm ethnic tribal floral geometric raw brass statement necklace__60,0,0
164,0,monki knitted cardigan__18,monki singlet__104,lucluc blue irregular denim shorts__29,brown gladiator studded sandals__46,lucluc white frame purple lenses sunglasses__57,post hermes__318,makeup trends top collections nordstrom__74,0
165,0,topshop tie front top__11,boyfriend low ripped jeans__240,adidas stan smith leather sneakers__49,brilliant cut one carat stud earrings__64,0,0,0,0
166,1,shein sheinside apricot spaghetti strap shoulder dress__5,shein sheinside apricot spaghetti strap shoulder dress__5,two two sandal__46,brilliant black cubic zirconia stud earrings 18k gold sterling silver__64,gold cross cuff__106,long necklace__62,shop rose gold single pearl choker necklace__62,chanel coco eau de parfum spray 50ml__95
167,1,sleeveless ribbed knit bodycon dress__4,longline sequins open knit cardigan__18,prada suede knee-high boots__263,braided tassel suede panel shoulder bag__37,__78,0,0,0
168,0,jumper__19,alice black pleated maxi skirt__10,steve madden women's booties__261,bowler handbag black__318,camera charm necklace__62,0,0,0
169,1,boohoo crochet tassel trim crop blouse__17,christopher kane floral applique denim shorts__29,braided strappy t-strap sandals__46,boho clutch__38,punk diamante pattern pendant belly button ring women__60,bcbgmaxazria boho tribal statement earrings women's cobalt multi__64,boho rings set__65,charlotte russe silver boho leaf arrow midi rings pack charlotte russe charlotte russe__65
170,0,candy christmas jumper__19,rag bone skinny jeans__237,sam edelman peep toe ankle boots__261,bling jewelry snow christmas charm__106,rhinestone snowflake christmas drop earrings__64,winter snowflake iphone case iphone plus case iphone cover iphone plus cover__1967,inch personalized snowflake blue velvet stocking__4244,0
171,0,h&m top__21,dark denim skinny jeans__237,plaid fold combat boots__261,bling jewelry bling jewelry sterling silver arrow heart cz pendant necklace__62,allurez arrow ring diamond 14k white gold__65,samsung galaxy flex ultra slim case pineapple paradise__1967,beanie__55,girl curl__4479
172,1,chicnova fashion ruffle shoulder crop top__11,chicnova fashion high waisted maxi denim skirt__10,black festival chic caged gladiator sandals__46,black away printed tote bag__36,grand romantic bracelet watch__61,chicnova fashion vintage purple earrings__64,chicnova fashion round optical glasses__4428,0
173,1,violeta mango openwork cotton cardigan__18,ariana grande lipsy broderie bralet__11,women elephant pattern printed high waist beach shorts tassels__29,billabong women's sandals__46,pink boho fringed backpack__259,metal heart sunglasses__57,0,0
174,1,alice olivia cropped printed georgette top__11,flared solid color chiffon skirt__9,solid color peep toe lace-up sandals__46,billabong women's festival fringe crossbody bag__37,chain tassel necklace__62,ethnic coin tassel earrings__64,touch mineral skin concealer__188,charlotte tilbury lip lip liner__202
175,1,cape chair__116,wild chair slipper chair__116,brushed steel pendant__4503,beach people dream time round beach towel__4292,party__182,throw pillow__144,kate spade mirror__143,bed pillow__144
176,1,king bed fabric__126,end table__118,lamp__135,barn embroidered__4433,wall hanging__182,plus cushion rose__144,cushion charcoal__144,novica wood__182
177,0,brick red v-neck zipper detail choker knit jumper__19,acne studios leather outerwear__25,shaping skinny regular jeans__237,barbara bui ankle boots__261,rebecca minkoff mini leather crossbody__37,black ring set__65,velvet choker__62,wood ladies sunglasses__57
178,0,calvin klein jeans logo print cropped t-shirt__21,white house black market distressed girlfriend jeans__240,adidas stripe womens athletic shoes__49,balenciaga papier belt bag zip around__35,0,0,0,0
179,0,elizabeth james vanessa off-the-shoulder printed silk top__11,mother shorts__29,jimmy choo nile sandals__46,balenciaga giant hip leather shoulder bag__37,vince camuto golden honey layered necklace__62,ray-ban rb3025 aviator sunglasses__57,0,0
180,1,peacock chair__123,modern rope wrapped outdoor coffee table__151,silver cage string lights__4276,baker art lady planter__4267,icon mix outdoor pillow acrylic lucite decorative__4267,cute cartoon happy sun outdoor pillow__4267,vintage hammered copper hanging planter__4267,outdoor decor__4267
181,0,mango striped jersey dress__4,penny lane handmade sandal__46,butterfly crocodile small clutch bag__38,anya hindmarch mustard pouch__318,eugenia kim floppy sun hat ivory__55,sunglasses__57,glass cube set green__4438,giant oz__78
182,1,summer shorts fit stripe__280,men's small leather satchel bag__4461,straw hat__303,anchor rope bracelet__4523,anchor crew red natural stone bracelet__4523,wood sunglasses__57,rope leather sandals__46,sand rope large outdoor__150
183,0,amber crop jumper__19,destroyed girlfriend jeans__27,giuseppe zanotti black leather triple sandals__46,alexander mcqueen flower leather shoulder bag__37,gucci gold cat eye sunglasses__57,pier imports faux canvas flower branch__4438,terre sand shadows nude eyes set__196,0
184,1,prada dress__3,blazer__236,antique effect pumps__43,alexander mcqueen black gold floral book clutch__38,rose bead green bracelet__106,14k gold pearl stud earrings__64,stacking rings__65,0
185,0,stone knitted chiffon back jumper__19,current/elliott boyfriend distressed shorts__29,toms multi flat shoes__47,aldo bracelet__106,charlotte russe faceted stone earrings__64,0,0,0
186,0,run denim dress waist tie__4,dr. martens w black smooth women's boots__261,leather backpacks leather festival bags__259,aerin lipstick red velvet__200,0,0,0,0
187,1,calvin klein collection long sleeve sweater__19,topshop suede fringe gilet__26,h&m denim shorts high waist__29,aeo slip platform sneaker__49,saddle bag__37,kenneth cole new york summer glow shell disc duo pendant necklace__62,1 flower crown headband bridesmaid rose hair piece bridal pink head band stretchy wedding hair__58,0
188,0,women's flowy long sleeve shoulder tee graphic tee long sleeve shirt__21,boohoo kim oversized distressed denim jacket boohoo__25,leather front ted slim pants__28,adidas women's superstar foundation lace sneakers__49,saint laurent black small sac de jour tote__36,0,0,0
189,0,le3no womens stretchy solid cropped tank top__11,rock roll forever bomber jacket__25,topshop moto winter bleach joni jeans__237,adidas women's superstar foundation 0 sneaker__49,black double chain choker__62,galaxy purple geo line iphone 5/5s case__1967,instagram photo__186,0
190,0,roberto cavalli cropped ribbed turtleneck sweater__19,shein sheinside black zipper pu moto jacket__25,new look petite black ripped knee high waist super skinny jeans__237,adidas women's superstar 0 sneakers finish line__49,chanel medium lambskin classic flap bag__318,0,0,0
191,0,pattern knit jumper__19,puffer coat__24,slim jeans j brand__237,adidas women's superstar 0 shoes__49,double mini clutch__38,apple watch band__61,day transparent iphone case iphone plus case iphone cover iphone plus cover__1967,0
192,0,billabong unisex muscle tee__104,camo bomber jacket__25,new look pale blue denim graffiti print turn mom shorts__29,adidas neo women's athletic shoes__49,olympia book clutch__38,5sos bottle green logo beanie__55,iphone se leather case black__1967,vans black headphones__1967
193,1,skirt__9,schutz wedge sandals__46,mango handbag__318,accessorize x stone midi ring set__65,ring__65,i'm peach minimal text barely iphone plus case__1967,flora bella faith raffia hat__55,john lewis floral wool scarf__105
194,1,mango printed boho blouse__17,rag distressed cutoff denim shorts__29,topshop boho bottoms__4518,accent accessories boho bling choker trio__2,frye boho thong brown full grain women's sandals__46,diane von furstenberg voyage boho suede fringe crossbody bag__37,womens flower floral boho round mirror sunglasses__57,0
195,0,chicnova fashion loose fit denim blouse__17,chicnova fashion denim collar long sleeves blouse__17,chicnova fashion split denim fur blouse__17,a-line denim skirt lace trim embellishment__9,paolo iantorno black creme two tone oxfords__266,chicnova fashion eiffel tower contrast color backpack__259,0,0
196,1,yoins floral print sleeveless open back mini dress__4,yoins blue cross leather look toe post lace-up flat sandals__46,yoins round leather-look fringe gold top handle bag pink__37,18kt white gold plated 8mm pearl studs__64,betsey johnson boho long peacock pendant__107,diorshow designer professional lengthening mascara lash effect christian dior__197,0,0
197,1,flared sleeves dress__4,denim gilet__26,gucci pebbled calfskin small soho disco bag tan__37,14k rose gold circle hoop earrings__64,nude nature translucent loose powder__190,illuminating bronzing powder__195,0,0
198,1,geometric pattern irregular front fly cardigan__18,x letter patch jeans__27,printed tassels fringe boots__42,1 straw chains printed bag__318,set boho floral wrap stretch bracelets 1 hippie gypsy chic nature floral stack bracelets gift women__106,bracelet__106,vintage water drop earrings__64,beaded boho head band__58
199,1,hand painted cactus shorts boutique__2,striped pleated shorts boutique__29,hermes hermes birkin bag w/ gold hardware made color__318,__43,0,0,0,0
200,1,a.p.c. striped pullover__19,camel__24,90's distressed denim jacket__25,__241,black snake embossed block heel pointy pumps__43,loeffler randall medium satchel goop__318,0,0